{
    "@context": {
        "xsd": "http://www.w3.org/2001/XMLSchema#",
        "languageProperty": {
            "@id": "http://PdL.com/langprop",
            "language": {
                "@type": "language_BCP47"
            },
            "gender": {
                "@type": "xsd:string"
            },
            "number": {
                "@type": "xsd:string"
            },
            "wordType": {
                "@type": "xsd:string"
            }
        },
        "property": {
            "@id": "http://PdL.com/property",
            "name": {
                "@type": "xsd:string",
                "@mandatory": true
            },
            "label": {
                "@container": "@language",
                "@type": "language_BCP47",
                "@mandatory": false
            },
            "typeOf": {
                "@type": "xsd:types",
                "@mandatory": true
            },
            "isList": {
                "@type": "xsd:boolean",
                "@mandatory": false,
                "@value": false
            },
            "optional": {
                "@type": "xsd:boolean",
                "@mandatory": false,
                "@value": false
            },
            "multiplicityMax": {
                "@type": "xsd:string",
                "@mandatory": false,
                "@value": "1"
            },
            "multiplicityMin": {
                "@type": "xsd:string",
                "@mandatory": false,
                "@value": "0"
            },
            "usedby": {
                "@id": "http://PdL.com/class",
                "@container": "@list",
                "@mandatory": false
            },
            "languageData": {
                "@id": "http://PdL.com/langprop",
                "@container": "@list",
                "@mandatory": false
            }
        },
        "class": {
            "@id": "http://PdL.com/class",
            "name": {
                "@type": "xsd:string",
                "@mandatory": true
            },
            "label": {
                "@container": "@language",
                "@type": "language",
                "@mandatory": false
            },
            "inherits": {
                "@id": "http://PdL.com/class",
                "@mandatory": false
            },
            "properties": {
                "@id": "http://PdL.com/property",
                "@container": "@list",
                "@mandatory": false
            }
        },
        "relationship": {
            "@id": "http://PdL.com/relationship",
            "name": {
                "@type": "xsd:string",
                "@mandatory": true
            },
            "label": {
                "@container": "@language",
                "@type": "language",
                "@mandatory": false
            },
            "reverseName": {
                "@type": "xsd:string",
                "@mandatory": true
            },
            "labelReverseName": {
                "@container": "@language",
                "@type": "language",
                "@mandatory": false
            },
            "from": {
                "@id": "http://PdL.com/class",
                "@mandatory": true
            },
            "to": {
                "@id": "http://PdL.com/class",
                "@mandatory": true
            },
            "properties": {
                "@id": "http://PdL.com/property",
                "@container": "@list",
                "@mandatory": false
            }
        }
    }
}    
    